id,predictions
a0,100
a1,100
a2,100
a3,100
a4,100
a5,100
a6,100
a7,100
a8,100
a9,100
a10,100
a11,100
a12,100
a13,100
a14,100
a15,100
a16,100
a17,100
a18,100
a19,100
a20,100
a21,100
a22,100
a23,100
a24,100
a25,100
a26,100
a27,100
a28,100
a29,100
a30,100
a31,100
a32,100
a33,100
a34,100
a35,100
a36,100
a37,100
a38,100
a39,100
a40,100
a41,100
a42,100
a43,100
a44,100
a45,100
a46,100
a47,100
a48,100
a49,100
a50,100
a51,100
a52,100
a53,100
a54,100
a55,100
a56,100
a57,100
a58,100
a59,100
a60,100
a61,100
a62,100
a63,100
a64,100
a65,100
a66,100
a67,100
a68,100
a69,100
a70,100
a71,100
a72,100
a73,100
a74,100
a75,100
a76,100
a77,100
a78,100
a79,100
a80,100
a81,100
a82,100
a83,100
a84,100
a85,100
a86,100
a87,100
a88,100
a89,100
a90,100
a91,100
a92,100
a93,100
a94,100
a95,100
a96,100
a97,100
a98,100
a99,100
a100,100
a101,100
a102,100
a103,100
a104,100
a105,100
a106,100
a107,100
a108,100
a109,100
a110,100
a111,100
a112,100
a113,100
a114,100
a115,100
a116,100
a117,100
a118,100
a119,100
a120,100
a121,100
a122,100
a123,100
a124,100
a125,100
a126,100
a127,100
a128,100
a129,100
a130,100
a131,100
a132,100
a133,100
a134,100
a135,100
a136,100
a137,100
a138,100
a139,100
a140,100
a141,100
a142,100
a143,100
a144,100
a145,100
a146,100
a147,100
a148,100
a149,100
a150,100
a151,100
a152,100
a153,100
a154,100
a155,100
a156,100
a157,100
a158,100
a159,100
a160,100
a161,100
a162,100
a163,100
a164,100
a165,100
a166,100
a167,100
a168,100
a169,100
a170,100
a171,100
a172,100
a173,100
a174,100
a175,100
a176,100
a177,100
a178,100
a179,100
a180,100
a181,100
a182,100
a183,100
a184,100
a185,100
a186,100
a187,100
a188,100
a189,100
a190,100
a191,100
a192,100
a193,100
a194,100
a195,100
a196,100
a197,100
a198,100
a199,100
a200,100
a201,100
a202,100
a203,100
a204,100
a205,100
a206,100
a207,100
a208,100
a209,100
a210,100
a211,100
a212,100
a213,100
a214,100
a215,100
a216,100
a217,100
a218,100
a219,100
a220,100
a221,100
a222,100
a223,100
a224,100
a225,100
a226,100
a227,100
a228,100
a229,100
a230,100
a231,100
a232,100
a233,100
a234,100
a235,100
a236,100
a237,100
a238,100
a239,100
a240,100
a241,100
a242,100
a243,100
a244,100
a245,100
a246,100
a247,100
a248,100
a249,100
a250,100
a251,100
a252,100
a253,100
a254,100
a255,100
a256,100
a257,100
a258,100
a259,100
a260,100
a261,100
a262,100
a263,100
a264,100
a265,100
a266,100
a267,100
a268,100
a269,100
a270,100
a271,100
a272,100
a273,100
a274,100
a275,100
a276,100
a277,100
a278,100
a279,100
a280,100
a281,100
a282,100
a283,100
a284,100
a285,100
a286,100
a287,100
a288,100
a289,100
a290,100
a291,100
a292,100
a293,100
a294,100
a295,100
a296,100
a297,100
a298,100
a299,100
a300,100
a301,100
a302,100
a303,100
a304,100
a305,100
a306,100
a307,100
a308,100
a309,100
a310,100
a311,100
a312,100
a313,100
a314,100
a315,100
a316,100
a317,100
a318,100
a319,100
a320,100
a321,100
a322,100
a323,100
a324,100
a325,100
a326,100
a327,100
a328,100
a329,100
a330,100
a331,100
a332,100
a333,100
a334,100
a335,100
a336,100
a337,100
a338,100
a339,100
a340,100
a341,100
a342,100
a343,100
a344,100
a345,100
a346,100
a347,100
a348,100
a349,100
a350,100
a351,100
a352,100
a353,100
a354,100
a355,100
a356,100
a357,100
a358,100
a359,100
a360,100
a361,100
a362,100
a363,100
a364,100
a365,100
a366,100
a367,100
a368,100
a369,100
a370,100
a371,100
a372,100
a373,100
a374,100
a375,100
a376,100
a377,100
a378,100
a379,100
a380,100
a381,100
a382,100
a383,100
a384,100
a385,100
a386,100
a387,100
a388,100
a389,100
a390,100
a391,100
a392,100
a393,100
a394,100
a395,100
a396,100
a397,100
a398,100
a399,100
a400,100
a401,100
a402,100
a403,100
a404,100
a405,100
a406,100
a407,100
a408,100
a409,100
a410,100
a411,100
a412,100
a413,100
a414,100
a415,100
a416,100
a417,100
a418,100
a419,100
a420,100
a421,100
a422,100
a423,100
a424,100
a425,100
a426,100
a427,100
a428,100
a429,100
a430,100
a431,100
a432,100
a433,100
a434,100
a435,100
a436,100
a437,100
a438,100
a439,100
a440,100
a441,100
a442,100
a443,100
a444,100
a445,100
a446,100
a447,100
a448,100
a449,100
a450,100
a451,100
a452,100
a453,100
a454,100
a455,100
a456,100
a457,100
a458,100
a459,100
a460,100
a461,100
a462,100
a463,100
a464,100
a465,100
a466,100
a467,100
a468,100
a469,100
a470,100
a471,100
a472,100
a473,100
a474,100
a475,100
a476,100
a477,100
a478,100
a479,100
a480,100
a481,100
a482,100
a483,100
a484,100
a485,100
a486,100
a487,100
a488,100
a489,100
a490,100
a491,100
a492,100
a493,100
a494,100
a495,100
a496,100
a497,100
a498,100
a499,100
a500,100
a501,100
a502,100
a503,100
a504,100
a505,100
a506,100
a507,100
a508,100
a509,100
a510,100
a511,100
a512,100
a513,100
a514,100
a515,100
a516,100
a517,100
a518,100
a519,100
a520,100
a521,100
a522,100
a523,100
a524,100
a525,100
a526,100
a527,100
a528,100
a529,100
a530,100
a531,100
a532,100
a533,100
a534,100
a535,100
a536,100
a537,100
a538,100
a539,100
a540,100
a541,100
a542,100
a543,100
a544,100
a545,100
a546,100
a547,100
a548,100
a549,100
a550,100
a551,100
a552,100
a553,100
a554,100
a555,100
a556,100
a557,100
a558,100
a559,100
a560,100
a561,100
a562,100
a563,100
a564,100
a565,100
a566,100
a567,100
a568,100
a569,100
a570,100
a571,100
a572,100
a573,100
a574,100
a575,100
a576,100
a577,100
a578,100
a579,100
a580,100
a581,100
a582,100
a583,100
a584,100
a585,100
a586,100
a587,100
a588,100
a589,100
a590,100
a591,100
a592,100
a593,100
a594,100
a595,100
a596,100
a597,100
a598,100
a599,100
a600,100
a601,100
a602,100
a603,100
a604,100
a605,100
a606,100
a607,100
a608,100
a609,100
a610,100
a611,100
a612,100
a613,100
a614,100
a615,100
a616,100
a617,100
a618,100
a619,100
a620,100
a621,100
a622,100
a623,100
a624,100
a625,100
a626,100
a627,100
a628,100
a629,100
a630,100
a631,100
a632,100
a633,100
a634,100
a635,100
a636,100
a637,100
a638,100
a639,100
a640,100
a641,100
a642,100
a643,100
a644,100
a645,100
a646,100
a647,100
a648,100
a649,100
a650,100
a651,100
a652,100
a653,100
a654,100
a655,100
a656,100
a657,100
a658,100
a659,100
a660,100
a661,100
a662,100
a663,100
a664,100
a665,100
a666,100
a667,100
a668,100
a669,100
a670,100
a671,100
a672,100
a673,100
a674,100
a675,100
a676,100
a677,100
a678,100
a679,100
a680,100
a681,100
a682,100
a683,100
a684,100
a685,100
a686,100
a687,100
a688,100
a689,100
a690,100
a691,100
a692,100
a693,100
a694,100
a695,100
a696,100
a697,100
a698,100
a699,100
a700,100
a701,100
a702,100
a703,100
a704,100
a705,100
a706,100
a707,100
a708,100
a709,100
a710,100
a711,100
a712,100
a713,100
a714,100
a715,100
a716,100
a717,100
a718,100
a719,100
a720,100
a721,100
a722,100
a723,100
a724,100
a725,100
a726,100
a727,100
a728,100
a729,100
a730,100
a731,100
a732,100
a733,100
a734,100
a735,100
a736,100
a737,100
a738,100
a739,100
a740,100
a741,100
a742,100
a743,100
a744,100
a745,100
a746,100
a747,100
a748,100
a749,100
a750,100
a751,100
a752,100
a753,100
a754,100
a755,100
a756,100
a757,100
a758,100
a759,100
a760,100
a761,100
a762,100
a763,100
a764,100
a765,100
a766,100
a767,100
a768,100
a769,100
a770,100
a771,100
a772,100
a773,100
a774,100
a775,100
a776,100
a777,100
a778,100
a779,100
a780,100
a781,100
a782,100
a783,100
a784,100
a785,100
a786,100
a787,100
a788,100
a789,100
a790,100
a791,100
a792,100
a793,100
a794,100
a795,100
a796,100
a797,100
a798,100
a799,100
a800,100
a801,100
a802,100
a803,100
a804,100
a805,100
a806,100
a807,100
a808,100
a809,100
a810,100
a811,100
a812,100
a813,100
a814,100
a815,100
a816,100
a817,100
a818,100
a819,100
a820,100
a821,100
a822,100
a823,100
a824,100
a825,100
a826,100
a827,100
a828,100
a829,100
a830,100
a831,100
a832,100
a833,100
a834,100
a835,100
a836,100
a837,100
a838,100
a839,100
a840,100
a841,100
a842,100
a843,100
a844,100
a845,100
a846,100
a847,100
a848,100
a849,100
a850,100
a851,100
a852,100
a853,100
a854,100
a855,100
a856,100
a857,100
a858,100
a859,100
a860,100
a861,100
a862,100
a863,100
a864,100
a865,100
a866,100
a867,100
a868,100
a869,100
a870,100
a871,100
a872,100
a873,100
a874,100
a875,100
a876,100
a877,100
a878,100
a879,100
a880,100
a881,100
a882,100
a883,100
a884,100
a885,100
a886,100
a887,100
a888,100
a889,100
a890,100
a891,100
a892,100
a893,100
a894,100
a895,100
a896,100
a897,100
a898,100
a899,100
a900,100
a901,100
a902,100
a903,100
a904,100
a905,100
a906,100
a907,100
a908,100
a909,100
a910,100
a911,100
a912,100
a913,100
a914,100
a915,100
a916,100
a917,100
a918,100
a919,100
a920,100
a921,100
a922,100
a923,100
a924,100
a925,100
a926,100
a927,100
a928,100
a929,100
a930,100
a931,100
a932,100
a933,100
a934,100
a935,100
a936,100
a937,100
a938,100
a939,100
a940,100
a941,100
a942,100
a943,100
a944,100
a945,100
a946,100
a947,100
a948,100
a949,100
a950,100
a951,100
a952,100
a953,100
a954,100
a955,100
a956,100
a957,100
a958,100
a959,100
a960,100
a961,100
a962,100
a963,100
a964,100
a965,100
a966,100
a967,100
a968,100
a969,100
a970,100
a971,100
a972,100
a973,100
a974,100
a975,100
a976,100
a977,100
a978,100
a979,100
a980,100
a981,100
a982,100
a983,100
a984,100
a985,100
a986,100
a987,100
a988,100
a989,100
a990,100
a991,100
a992,100
a993,100
a994,100
a995,100
a996,100
a997,100
a998,100
a999,100
a1000,100
a1001,100
a1002,100
a1003,100
a1004,100
a1005,100
a1006,100
a1007,100
a1008,100
a1009,100
a1010,100
a1011,100
a1012,100
a1013,100
a1014,100
a1015,100
a1016,100
a1017,100
a1018,100
a1019,100
a1020,100
a1021,100
a1022,100
a1023,100
a1024,100
a1025,100
a1026,100
a1027,100
a1028,100
a1029,100
a1030,100
a1031,100
a1032,100
a1033,100
a1034,100
a1035,100
a1036,100
a1037,100
a1038,100
a1039,100
a1040,100
a1041,100
a1042,100
a1043,100
a1044,100
a1045,100
a1046,100
a1047,100
a1048,100
a1049,100
a1050,100
a1051,100
a1052,100
a1053,100
a1054,100
a1055,100
a1056,100
a1057,100
a1058,100
a1059,100
a1060,100
a1061,100
a1062,100
a1063,100
a1064,100
a1065,100
a1066,100
a1067,100
a1068,100
a1069,100
a1070,100
a1071,100
a1072,100
a1073,100
a1074,100
a1075,100
a1076,100
a1077,100
a1078,100
a1079,100
a1080,100
a1081,100
a1082,100
a1083,100
a1084,100
a1085,100
a1086,100
a1087,100
a1088,100
a1089,100
a1090,100
a1091,100
a1092,100
a1093,100
a1094,100
a1095,100
a1096,100
a1097,100
a1098,100
a1099,100
a1100,100
a1101,100
a1102,100
a1103,100
a1104,100
a1105,100
a1106,100
a1107,100
a1108,100
a1109,100
a1110,100
a1111,100
a1112,100
a1113,100
a1114,100
a1115,100
a1116,100
a1117,100
a1118,100
a1119,100
a1120,100
a1121,100
a1122,100
a1123,100
a1124,100
a1125,100
a1126,100
a1127,100
a1128,100
a1129,100
a1130,100
a1131,100
a1132,100
a1133,100
a1134,100
a1135,100
a1136,100
a1137,100
a1138,100
a1139,100
a1140,100
a1141,100
a1142,100
a1143,100
a1144,100
a1145,100
a1146,100
a1147,100
a1148,100
a1149,100
a1150,100
a1151,100
a1152,100
a1153,100
a1154,100
a1155,100
a1156,100
a1157,100
a1158,100
a1159,100
a1160,100
a1161,100
a1162,100
a1163,100
a1164,100
a1165,100
a1166,100
a1167,100
a1168,100
a1169,100
a1170,100
a1171,100
a1172,100
a1173,100
a1174,100
a1175,100
a1176,100
a1177,100
a1178,100
a1179,100
a1180,100
a1181,100
a1182,100
a1183,100
a1184,100
a1185,100
a1186,100
a1187,100
a1188,100
a1189,100
a1190,100
a1191,100
a1192,100
a1193,100
a1194,100
a1195,100
a1196,100
a1197,100
a1198,100
a1199,100
a1200,100
a1201,100
a1202,100
a1203,100
a1204,100
a1205,100
a1206,100
a1207,100
a1208,100
a1209,100
a1210,100
a1211,100
a1212,100
a1213,100
a1214,100
a1215,100
a1216,100
a1217,100
a1218,100
a1219,100
a1220,100
a1221,100
a1222,100
a1223,100
a1224,100
a1225,100
a1226,100
a1227,100
a1228,100
a1229,100
a1230,100
a1231,100
a1232,100
a1233,100
a1234,100
a1235,100
a1236,100
a1237,100
a1238,100
a1239,100
a1240,100
a1241,100
a1242,100
a1243,100
a1244,100
a1245,100
a1246,100
a1247,100
a1248,100
a1249,100
a1250,100
a1251,100
a1252,100
a1253,100
a1254,100
a1255,100
a1256,100
a1257,100
a1258,100
a1259,100
a1260,100
a1261,100
a1262,100
a1263,100
a1264,100
a1265,100
a1266,100
a1267,100
a1268,100
a1269,100
a1270,100
a1271,100
a1272,100
a1273,100
a1274,100
a1275,100
a1276,100
a1277,100
a1278,100
a1279,100
a1280,100
a1281,100
a1282,100
a1283,100
a1284,100
a1285,100
a1286,100
a1287,100
a1288,100
a1289,100
a1290,100
a1291,100
a1292,100
a1293,100
a1294,100
a1295,100
a1296,100
a1297,100
a1298,100
a1299,100
a1300,100
a1301,100
a1302,100
a1303,100
a1304,100
a1305,100
a1306,100
a1307,100
a1308,100
a1309,100
a1310,100
a1311,100
a1312,100
a1313,100
a1314,100
a1315,100
a1316,100
a1317,100
a1318,100
a1319,100
a1320,100
a1321,100
a1322,100
a1323,100
a1324,100
a1325,100
a1326,100
a1327,100
a1328,100
a1329,100
a1330,100
a1331,100
a1332,100
a1333,100
a1334,100
a1335,100
a1336,100
a1337,100
a1338,100
a1339,100
a1340,100
a1341,100
a1342,100
a1343,100
a1344,100
a1345,100
a1346,100
a1347,100
a1348,100
a1349,100
a1350,100
a1351,100
a1352,100
a1353,100
a1354,100
a1355,100
a1356,100
a1357,100
a1358,100
a1359,100
a1360,100
a1361,100
a1362,100
a1363,100
a1364,100
a1365,100
a1366,100
a1367,100
a1368,100
a1369,100
a1370,100
a1371,100
a1372,100
a1373,100
a1374,100
a1375,100
a1376,100
a1377,100
a1378,100
a1379,100
a1380,100
a1381,100
a1382,100
a1383,100
a1384,100
a1385,100
a1386,100
a1387,100
a1388,100
a1389,100
a1390,100
a1391,100
a1392,100
a1393,100
a1394,100
a1395,100
a1396,100
a1397,100
a1398,100
a1399,100
a1400,100
a1401,100
a1402,100
a1403,100
a1404,100
a1405,100
a1406,100
a1407,100
a1408,100
a1409,100
a1410,100
a1411,100
a1412,100
a1413,100
a1414,100
a1415,100
a1416,100
a1417,100
a1418,100
a1419,100
a1420,100
a1421,100
a1422,100
a1423,100
a1424,100
a1425,100
a1426,100
a1427,100
a1428,100
a1429,100
a1430,100
a1431,100
a1432,100
a1433,100
a1434,100
a1435,100
a1436,100
a1437,100
a1438,100
a1439,100
a1440,100
a1441,100
a1442,100
a1443,100
a1444,100
a1445,100
a1446,100
a1447,100
a1448,100
a1449,100
a1450,100
a1451,100
a1452,100
a1453,100
a1454,100
a1455,100
a1456,100
a1457,100
a1458,100
a1459,100
a1460,100
a1461,100
a1462,100
a1463,100
a1464,100
a1465,100
a1466,100
a1467,100
a1468,100
a1469,100
a1470,100
a1471,100
a1472,100
a1473,100
a1474,100
a1475,100
a1476,100
a1477,100
a1478,100
a1479,100
a1480,100
a1481,100
a1482,100
a1483,100
a1484,100
a1485,100
a1486,100
a1487,100
a1488,100
a1489,100
a1490,100
a1491,100
a1492,100
a1493,100
a1494,100
a1495,100
a1496,100
a1497,100
a1498,100
a1499,100
a1500,100
a1501,100
a1502,100
a1503,100
a1504,100
a1505,100
a1506,100
a1507,100
a1508,100
a1509,100
a1510,100
a1511,100
a1512,100
a1513,100
a1514,100
a1515,100
a1516,100
a1517,100
a1518,100
a1519,100
a1520,100
a1521,100
a1522,100
a1523,100
a1524,100
a1525,100
a1526,100
a1527,100
a1528,100
a1529,100
a1530,100
a1531,100
a1532,100
a1533,100
a1534,100
a1535,100
a1536,100
a1537,100
a1538,100
a1539,100
a1540,100
a1541,100
a1542,100
a1543,100
a1544,100
a1545,100
a1546,100
a1547,100
a1548,100
a1549,100
a1550,100
a1551,100
a1552,100
a1553,100
a1554,100
a1555,100
a1556,100
a1557,100
a1558,100
a1559,100
a1560,100
a1561,100
a1562,100
a1563,100
a1564,100
a1565,100
a1566,100
a1567,100
a1568,100
a1569,100
a1570,100
a1571,100
a1572,100
a1573,100
a1574,100
a1575,100
a1576,100
a1577,100
a1578,100
a1579,100
a1580,100
a1581,100
a1582,100
a1583,100
a1584,100
a1585,100
a1586,100
a1587,100
a1588,100
a1589,100
a1590,100
a1591,100
a1592,100
a1593,100
a1594,100
a1595,100
a1596,100
a1597,100
a1598,100
a1599,100
a1600,100
a1601,100
a1602,100
a1603,100
a1604,100
a1605,100
a1606,100
a1607,100
a1608,100
a1609,100
a1610,100
a1611,100
a1612,100
a1613,100
a1614,100
a1615,100
a1616,100
a1617,100
a1618,100
a1619,100
a1620,100
a1621,100
a1622,100
a1623,100
a1624,100
a1625,100
a1626,100
a1627,100
a1628,100
a1629,100
a1630,100
a1631,100
a1632,100
a1633,100
a1634,100
a1635,100
a1636,100
a1637,100
a1638,100
a1639,100
a1640,100
a1641,100
a1642,100
a1643,100
a1644,100
a1645,100
a1646,100
a1647,100
a1648,100
a1649,100
a1650,100
a1651,100
a1652,100
a1653,100
a1654,100
a1655,100
a1656,100
a1657,100
a1658,100
a1659,100
a1660,100
a1661,100
a1662,100
a1663,100
a1664,100
a1665,100
a1666,100
a1667,100
a1668,100
a1669,100
a1670,100
a1671,100
a1672,100
a1673,100
a1674,100
a1675,100
a1676,100
a1677,100
a1678,100
a1679,100
a1680,100
a1681,100
a1682,100
a1683,100
a1684,100
a1685,100
a1686,100
a1687,100
a1688,100
a1689,100
a1690,100
a1691,100
a1692,100
a1693,100
a1694,100
a1695,100
a1696,100
a1697,100
a1698,100
a1699,100
a1700,100
a1701,100
a1702,100
a1703,100
a1704,100
a1705,100
a1706,100
a1707,100
a1708,100
a1709,100
a1710,100
a1711,100
a1712,100
a1713,100
a1714,100
a1715,100
a1716,100
a1717,100
a1718,100
a1719,100
a1720,100
a1721,100
a1722,100
a1723,100
a1724,100
a1725,100
a1726,100
a1727,100
a1728,100
a1729,100
a1730,100
a1731,100
a1732,100
a1733,100
a1734,100
a1735,100
a1736,100
a1737,100
a1738,100
a1739,100
a1740,100
a1741,100
a1742,100
a1743,100
a1744,100
a1745,100
a1746,100
a1747,100
a1748,100
a1749,100
a1750,100
a1751,100
a1752,100
a1753,100
a1754,100
a1755,100
a1756,100
a1757,100
a1758,100
a1759,100
a1760,100
a1761,100
a1762,100
a1763,100
a1764,100
a1765,100
a1766,100
a1767,100
a1768,100
a1769,100
a1770,100
a1771,100
a1772,100
a1773,100
a1774,100
a1775,100
a1776,100
a1777,100
a1778,100
a1779,100
a1780,100
a1781,100
a1782,100
a1783,100
a1784,100
a1785,100
a1786,100
a1787,100
a1788,100
a1789,100
a1790,100
a1791,100
a1792,100
a1793,100
a1794,100
a1795,100
a1796,100
a1797,100
a1798,100
a1799,100
a1800,100
a1801,100
a1802,100
a1803,100
a1804,100
a1805,100
a1806,100
a1807,100
a1808,100
a1809,100
a1810,100
a1811,100
a1812,100
a1813,100
a1814,100
a1815,100
a1816,100
a1817,100
a1818,100
a1819,100
a1820,100
a1821,100
a1822,100
a1823,100
a1824,100
a1825,100
a1826,100
a1827,100
a1828,100
a1829,100
a1830,100
a1831,100
a1832,100
a1833,100
a1834,100
a1835,100
a1836,100
a1837,100
a1838,100
a1839,100
a1840,100
a1841,100
a1842,100
a1843,100
a1844,100
a1845,100
a1846,100
a1847,100
a1848,100
a1849,100
a1850,100
a1851,100
a1852,100
a1853,100
a1854,100
a1855,100
a1856,100
a1857,100
a1858,100
a1859,100
a1860,100
a1861,100
a1862,100
a1863,100
a1864,100
a1865,100
a1866,100
a1867,100
a1868,100
a1869,100
a1870,100
a1871,100
a1872,100
a1873,100
a1874,100
a1875,100
a1876,100
a1877,100
a1878,100
a1879,100
a1880,100
a1881,100
a1882,100
a1883,100
a1884,100
a1885,100
a1886,100
a1887,100
a1888,100
a1889,100
a1890,100
a1891,100
a1892,100
a1893,100
a1894,100
a1895,100
a1896,100
a1897,100
a1898,100
a1899,100
a1900,100
a1901,100
a1902,100
a1903,100
a1904,100
a1905,100
a1906,100
a1907,100
a1908,100
a1909,100
a1910,100
a1911,100
a1912,100
a1913,100
a1914,100
a1915,100
a1916,100
a1917,100
a1918,100
a1919,100
a1920,100
a1921,100
a1922,100
a1923,100
a1924,100
a1925,100
a1926,100
a1927,100
a1928,100
a1929,100
a1930,100
a1931,100
a1932,100
a1933,100
a1934,100
a1935,100
a1936,100
a1937,100
a1938,100
a1939,100
a1940,100
a1941,100
a1942,100
a1943,100
a1944,100
a1945,100
a1946,100
a1947,100
a1948,100
a1949,100
a1950,100
a1951,100
a1952,100
a1953,100
a1954,100
a1955,100
a1956,100
a1957,100
a1958,100
a1959,100
a1960,100
a1961,100
a1962,100
a1963,100
a1964,100
a1965,100
a1966,100
a1967,100
a1968,100
a1969,100
a1970,100
a1971,100
a1972,100
a1973,100
a1974,100
a1975,100
a1976,100
a1977,100
a1978,100
a1979,100
a1980,100
a1981,100
a1982,100
a1983,100
a1984,100
a1985,100
a1986,100
a1987,100
a1988,100
a1989,100
a1990,100
a1991,100
a1992,100
a1993,100
a1994,100
a1995,100
a1996,100
a1997,100
a1998,100
a1999,100
a2000,100
a2001,100
a2002,100
a2003,100
a2004,100
a2005,100
a2006,100
a2007,100
a2008,100
a2009,100
a2010,100
a2011,100
a2012,100
a2013,100
a2014,100
a2015,100
a2016,100
a2017,100
a2018,100
a2019,100
a2020,100
a2021,100
a2022,100
a2023,100
a2024,100
a2025,100
a2026,100
a2027,100
a2028,100
a2029,100
a2030,100
a2031,100
a2032,100
a2033,100
a2034,100
a2035,100
a2036,100
a2037,100
a2038,100
a2039,100
a2040,100
a2041,100
a2042,100
a2043,100
a2044,100
a2045,100
a2046,100
a2047,100
a2048,100
a2049,100
a2050,100
a2051,100
a2052,100
a2053,100
a2054,100
a2055,100
a2056,100
a2057,100
a2058,100
a2059,100
a2060,100
a2061,100
a2062,100
a2063,100
a2064,100
a2065,100
a2066,100
a2067,100
a2068,100
a2069,100
a2070,100
a2071,100
a2072,100
a2073,100
a2074,100
a2075,100
a2076,100
a2077,100
a2078,100
a2079,100
a2080,100
a2081,100
a2082,100
a2083,100
a2084,100
a2085,100
a2086,100
a2087,100
a2088,100
a2089,100
a2090,100
a2091,100
a2092,100
a2093,100
a2094,100
a2095,100
a2096,100
a2097,100
a2098,100
a2099,100
a2100,100
a2101,100
a2102,100
a2103,100
a2104,100
a2105,100
a2106,100
a2107,100
a2108,100
a2109,100
a2110,100
a2111,100
a2112,100
a2113,100
a2114,100
a2115,100
a2116,100
a2117,100
a2118,100
a2119,100
a2120,100
a2121,100
a2122,100
a2123,100
a2124,100
a2125,100
a2126,100
a2127,100
a2128,100
a2129,100
a2130,100
a2131,100
a2132,100
a2133,100
a2134,100
a2135,100
a2136,100
a2137,100
a2138,100
a2139,100
a2140,100
a2141,100
a2142,100
a2143,100
a2144,100
a2145,100
a2146,100
a2147,100
a2148,100
a2149,100
a2150,100
a2151,100
a2152,100
a2153,100
a2154,100
a2155,100
a2156,100
a2157,100
a2158,100
a2159,100
a2160,100
a2161,100
a2162,100
a2163,100
a2164,100
a2165,100
a2166,100
a2167,100
a2168,100
a2169,100
a2170,100
a2171,100
a2172,100
a2173,100
a2174,100
a2175,100
a2176,100
a2177,100
a2178,100
a2179,100
a2180,100
a2181,100
a2182,100
a2183,100
a2184,100
a2185,100
a2186,100
a2187,100
a2188,100
a2189,100
a2190,100
a2191,100
a2192,100
a2193,100
a2194,100
a2195,100
a2196,100
a2197,100
a2198,100
a2199,100
a2200,100
a2201,100
a2202,100
a2203,100
a2204,100
a2205,100
a2206,100
a2207,100
a2208,100
a2209,100
a2210,100
a2211,100
a2212,100
a2213,100
a2214,100
a2215,100
a2216,100
a2217,100
a2218,100
a2219,100
a2220,100
a2221,100
a2222,100
a2223,100
a2224,100
a2225,100
a2226,100
a2227,100
a2228,100
a2229,100
a2230,100
a2231,100
a2232,100
a2233,100
a2234,100
a2235,100
a2236,100
a2237,100
a2238,100
a2239,100
a2240,100
a2241,100
a2242,100
a2243,100
a2244,100
a2245,100
a2246,100
a2247,100
a2248,100
a2249,100
a2250,100
a2251,100
a2252,100
a2253,100
a2254,100
a2255,100
a2256,100
a2257,100
a2258,100
a2259,100
a2260,100
a2261,100
a2262,100
a2263,100
a2264,100
a2265,100
a2266,100
a2267,100
a2268,100
a2269,100
a2270,100
a2271,100
a2272,100
a2273,100
a2274,100
a2275,100
a2276,100
a2277,100
a2278,100
a2279,100
a2280,100
a2281,100
a2282,100
a2283,100
a2284,100
a2285,100
a2286,100
a2287,100
a2288,100
a2289,100
a2290,100
a2291,100
a2292,100
a2293,100
a2294,100
a2295,100
a2296,100
a2297,100
a2298,100
a2299,100
a2300,100
a2301,100
a2302,100
a2303,100
a2304,100
a2305,100
a2306,100
a2307,100
a2308,100
a2309,100
a2310,100
a2311,100
a2312,100
a2313,100
a2314,100
a2315,100
a2316,100
a2317,100
a2318,100
a2319,100
a2320,100
a2321,100
a2322,100
a2323,100
a2324,100
a2325,100
a2326,100
a2327,100
a2328,100
a2329,100
a2330,100
a2331,100
a2332,100
a2333,100
a2334,100
a2335,100
a2336,100
a2337,100
a2338,100
a2339,100
a2340,100
a2341,100
a2342,100
a2343,100
a2344,100
a2345,100
a2346,100
a2347,100
a2348,100
a2349,100
a2350,100
a2351,100
a2352,100
a2353,100
a2354,100
a2355,100
a2356,100
a2357,100
a2358,100
a2359,100
a2360,100
a2361,100
a2362,100
a2363,100
a2364,100
a2365,100
a2366,100
a2367,100
a2368,100
a2369,100
a2370,100
a2371,100
a2372,100
a2373,100
a2374,100
a2375,100
a2376,100
a2377,100
a2378,100
a2379,100
a2380,100
a2381,100
a2382,100
a2383,100
a2384,100
a2385,100
a2386,100
a2387,100
a2388,100
a2389,100
a2390,100
a2391,100
a2392,100
a2393,100
a2394,100
a2395,100
a2396,100
a2397,100
a2398,100
a2399,100
a2400,100
a2401,100
a2402,100
a2403,100
a2404,100
a2405,100
a2406,100
a2407,100
a2408,100
a2409,100
a2410,100
a2411,100
a2412,100
a2413,100
a2414,100
a2415,100
a2416,100
a2417,100
a2418,100
a2419,100
a2420,100
a2421,100
a2422,100
a2423,100
a2424,100
a2425,100
a2426,100
a2427,100
a2428,100
a2429,100
a2430,100
a2431,100
a2432,100
a2433,100
a2434,100
a2435,100
a2436,100
a2437,100
a2438,100
a2439,100
a2440,100
a2441,100
a2442,100
a2443,100
a2444,100
a2445,100
a2446,100
a2447,100
a2448,100
a2449,100
a2450,100
a2451,100
a2452,100
a2453,100
a2454,100
a2455,100
a2456,100
a2457,100
a2458,100
a2459,100
a2460,100
a2461,100
a2462,100
a2463,100
a2464,100
a2465,100
a2466,100
a2467,100
a2468,100
a2469,100
a2470,100
a2471,100
a2472,100
a2473,100
a2474,100
a2475,100
a2476,100
a2477,100
a2478,100
a2479,100
a2480,100
a2481,100
a2482,100
a2483,100
a2484,100
a2485,100
a2486,100
a2487,100
a2488,100
a2489,100
a2490,100
a2491,100
a2492,100
a2493,100
a2494,100
a2495,100
a2496,100
a2497,100
a2498,100
a2499,100
a2500,100
a2501,100
a2502,100
a2503,100
a2504,100
a2505,100
a2506,100
a2507,100
a2508,100
a2509,100
a2510,100
a2511,100
a2512,100
a2513,100
a2514,100
a2515,100
a2516,100
a2517,100
a2518,100
a2519,100
a2520,100
a2521,100
a2522,100
a2523,100
a2524,100
a2525,100
a2526,100
a2527,100
a2528,100
a2529,100
a2530,100
a2531,100
a2532,100
a2533,100
a2534,100
a2535,100
a2536,100
a2537,100
a2538,100
a2539,100
a2540,100
a2541,100
a2542,100
a2543,100
a2544,100
a2545,100
a2546,100
a2547,100
a2548,100
a2549,100
a2550,100
a2551,100
a2552,100
a2553,100
a2554,100
a2555,100
a2556,100
a2557,100
a2558,100
a2559,100
a2560,100
a2561,100
a2562,100
a2563,100
a2564,100
a2565,100
a2566,100
a2567,100
a2568,100
a2569,100
a2570,100
a2571,100
a2572,100
a2573,100
a2574,100
a2575,100
a2576,100
a2577,100
a2578,100
a2579,100
a2580,100
a2581,100
a2582,100
a2583,100
a2584,100
a2585,100
a2586,100
a2587,100
a2588,100
a2589,100
a2590,100
a2591,100
a2592,100
a2593,100
a2594,100
a2595,100
a2596,100
a2597,100
a2598,100
a2599,100
a2600,100
a2601,100
a2602,100
a2603,100
a2604,100
a2605,100
a2606,100
a2607,100
a2608,100
a2609,100
a2610,100
a2611,100
a2612,100
a2613,100
a2614,100
a2615,100
a2616,100
a2617,100
a2618,100
a2619,100
a2620,100
a2621,100
a2622,100
a2623,100
a2624,100
a2625,100
a2626,100
a2627,100
a2628,100
a2629,100
a2630,100
a2631,100
a2632,100
a2633,100
a2634,100
a2635,100
a2636,100
a2637,100
a2638,100
a2639,100
a2640,100
a2641,100
a2642,100
a2643,100
a2644,100
a2645,100
a2646,100
a2647,100
a2648,100
a2649,100
a2650,100
a2651,100
a2652,100
a2653,100
a2654,100
a2655,100
a2656,100
a2657,100
a2658,100
a2659,100
a2660,100
a2661,100
a2662,100
a2663,100
a2664,100
a2665,100
a2666,100
a2667,100
a2668,100
a2669,100
a2670,100
a2671,100
a2672,100
a2673,100
a2674,100
a2675,100
a2676,100
a2677,100
a2678,100
a2679,100
a2680,100
a2681,100
a2682,100
a2683,100
a2684,100
a2685,100
a2686,100
a2687,100
a2688,100
a2689,100
a2690,100
a2691,100
a2692,100
a2693,100
a2694,100
a2695,100
a2696,100
a2697,100
a2698,100
a2699,100
a2700,100
a2701,100
a2702,100
a2703,100
a2704,100
a2705,100
a2706,100
a2707,100
a2708,100
a2709,100
a2710,100
a2711,100
a2712,100
a2713,100
a2714,100
a2715,100
a2716,100
a2717,100
a2718,100
a2719,100
a2720,100
a2721,100
a2722,100
a2723,100
a2724,100
a2725,100
a2726,100
a2727,100
a2728,100
a2729,100
a2730,100
a2731,100
a2732,100
a2733,100
a2734,100
a2735,100
a2736,100
a2737,100
a2738,100
a2739,100
a2740,100
a2741,100
a2742,100
a2743,100
a2744,100
a2745,100
a2746,100
a2747,100
a2748,100
a2749,100
a2750,100
a2751,100
a2752,100
a2753,100
a2754,100
a2755,100
a2756,100
a2757,100
a2758,100
a2759,100
a2760,100
a2761,100
a2762,100
a2763,100
a2764,100
a2765,100
a2766,100
a2767,100
a2768,100
a2769,100
a2770,100
a2771,100
a2772,100
a2773,100
a2774,100
a2775,100
a2776,100
a2777,100
a2778,100
a2779,100
a2780,100
a2781,100
a2782,100
a2783,100
a2784,100
a2785,100
a2786,100
a2787,100
a2788,100
a2789,100
a2790,100
a2791,100
a2792,100
a2793,100
a2794,100
a2795,100
a2796,100
a2797,100
a2798,100
a2799,100
a2800,100
a2801,100
a2802,100
a2803,100
a2804,100
a2805,100
a2806,100
a2807,100
a2808,100
a2809,100
a2810,100
a2811,100
a2812,100
a2813,100
a2814,100
a2815,100
a2816,100
a2817,100
a2818,100
a2819,100
a2820,100
a2821,100
a2822,100
a2823,100
a2824,100
a2825,100
a2826,100
a2827,100
a2828,100
a2829,100
a2830,100
a2831,100
a2832,100
a2833,100
a2834,100
a2835,100
a2836,100
a2837,100
a2838,100
a2839,100
a2840,100
a2841,100
a2842,100
a2843,100
a2844,100
a2845,100
a2846,100
a2847,100
a2848,100
a2849,100
a2850,100
a2851,100
a2852,100
a2853,100
a2854,100
a2855,100
a2856,100
a2857,100
a2858,100
a2859,100
a2860,100
a2861,100
a2862,100
a2863,100
a2864,100
a2865,100
a2866,100
a2867,100
a2868,100
a2869,100
a2870,100
a2871,100
a2872,100
a2873,100
a2874,100
a2875,100
a2876,100
a2877,100
a2878,100
a2879,100
a2880,100
a2881,100
a2882,100
a2883,100
a2884,100
a2885,100
a2886,100
a2887,100
a2888,100
a2889,100
a2890,100
a2891,100
a2892,100
a2893,100
a2894,100
a2895,100
a2896,100
a2897,100
a2898,100
a2899,100
a2900,100
a2901,100
a2902,100
a2903,100
a2904,100
a2905,100
a2906,100
a2907,100
a2908,100
a2909,100
a2910,100
a2911,100
a2912,100
a2913,100
a2914,100
a2915,100
a2916,100
a2917,100
a2918,100
a2919,100
a2920,100
a2921,100
a2922,100
a2923,100
a2924,100
a2925,100
a2926,100
a2927,100
a2928,100
a2929,100
a2930,100
a2931,100
a2932,100
a2933,100
a2934,100
a2935,100
a2936,100
a2937,100
a2938,100
a2939,100
a2940,100
a2941,100
a2942,100
a2943,100
a2944,100
a2945,100
a2946,100
a2947,100
a2948,100
a2949,100
a2950,100
a2951,100
a2952,100
a2953,100
a2954,100
a2955,100
a2956,100
a2957,100
a2958,100
a2959,100
a2960,100
a2961,100
a2962,100
a2963,100
a2964,100
a2965,100
a2966,100
a2967,100
a2968,100
a2969,100
a2970,100
a2971,100
a2972,100
a2973,100
a2974,100
a2975,100
a2976,100
a2977,100
a2978,100
a2979,100
a2980,100
a2981,100
a2982,100
a2983,100
a2984,100
a2985,100
a2986,100
a2987,100
a2988,100
a2989,100
a2990,100
a2991,100
a2992,100
a2993,100
a2994,100
a2995,100
a2996,100
a2997,100
a2998,100
a2999,100
a3000,100
a3001,100
a3002,100
a3003,100
a3004,100
a3005,100
a3006,100
a3007,100
a3008,100
a3009,100
a3010,100
a3011,100
a3012,100
a3013,100
a3014,100
a3015,100
a3016,100
a3017,100
a3018,100
a3019,100
a3020,100
a3021,100
a3022,100
a3023,100
a3024,100
a3025,100
a3026,100
a3027,100
a3028,100
a3029,100
a3030,100
a3031,100
a3032,100
a3033,100
a3034,100
a3035,100
a3036,100
a3037,100
a3038,100
a3039,100
a3040,100
a3041,100
a3042,100
a3043,100
a3044,100
a3045,100
a3046,100
a3047,100
a3048,100
a3049,100
a3050,100
a3051,100
a3052,100
a3053,100
a3054,100
a3055,100
a3056,100
a3057,100
a3058,100
a3059,100
a3060,100
a3061,100
a3062,100
a3063,100
a3064,100
a3065,100
a3066,100
a3067,100
a3068,100
a3069,100
a3070,100
a3071,100
a3072,100
a3073,100
a3074,100
a3075,100
a3076,100
a3077,100
a3078,100
a3079,100
a3080,100
a3081,100
a3082,100
a3083,100
a3084,100
a3085,100
a3086,100
a3087,100
a3088,100
a3089,100
a3090,100
a3091,100
a3092,100
a3093,100
a3094,100
a3095,100
a3096,100
a3097,100
a3098,100
a3099,100
a3100,100
a3101,100
a3102,100
a3103,100
a3104,100
a3105,100
a3106,100
a3107,100
a3108,100
a3109,100
a3110,100
a3111,100
a3112,100
a3113,100
a3114,100
a3115,100
a3116,100
a3117,100
a3118,100
a3119,100
a3120,100
a3121,100
a3122,100
a3123,100
a3124,100
a3125,100
a3126,100
a3127,100
a3128,100
a3129,100
a3130,100
a3131,100
a3132,100
a3133,100
a3134,100
a3135,100
a3136,100
a3137,100
a3138,100
a3139,100
a3140,100
a3141,100
a3142,100
a3143,100
a3144,100
a3145,100
a3146,100
a3147,100
a3148,100
a3149,100
a3150,100
a3151,100
a3152,100
a3153,100
a3154,100
a3155,100
a3156,100
a3157,100
a3158,100
a3159,100
a3160,100
a3161,100
a3162,100
a3163,100
a3164,100
a3165,100
a3166,100
a3167,100
a3168,100
a3169,100
a3170,100
a3171,100
a3172,100
a3173,100
a3174,100
a3175,100
a3176,100
a3177,100
a3178,100
a3179,100
a3180,100
a3181,100
a3182,100
a3183,100
a3184,100
a3185,100
a3186,100
a3187,100
a3188,100
a3189,100
a3190,100
a3191,100
a3192,100
a3193,100
a3194,100
a3195,100
a3196,100
a3197,100
a3198,100
a3199,100
a3200,100
a3201,100
a3202,100
a3203,100
a3204,100
a3205,100
a3206,100
a3207,100
a3208,100
a3209,100
a3210,100
a3211,100
a3212,100
a3213,100
a3214,100
a3215,100
a3216,100
a3217,100
a3218,100
a3219,100
a3220,100
a3221,100
a3222,100
a3223,100
a3224,100
a3225,100
a3226,100
a3227,100
a3228,100
a3229,100
a3230,100
a3231,100
a3232,100
a3233,100
a3234,100
a3235,100
a3236,100
a3237,100
a3238,100
a3239,100
a3240,100
a3241,100
a3242,100
a3243,100
a3244,100
a3245,100
a3246,100
a3247,100
a3248,100
a3249,100
a3250,100
a3251,100
a3252,100
a3253,100
a3254,100
a3255,100
a3256,100
a3257,100
a3258,100
a3259,100
a3260,100
a3261,100
a3262,100
a3263,100
a3264,100
a3265,100
a3266,100
a3267,100
a3268,100
a3269,100
a3270,100
a3271,100
a3272,100
a3273,100
a3274,100
a3275,100
a3276,100
a3277,100
a3278,100
a3279,100
a3280,100
a3281,100
a3282,100
a3283,100
a3284,100
a3285,100
a3286,100
a3287,100
a3288,100
a3289,100
a3290,100
a3291,100
a3292,100
a3293,100
a3294,100
a3295,100
a3296,100
a3297,100
a3298,100
a3299,100
a3300,100
a3301,100
a3302,100
a3303,100
a3304,100
a3305,100
a3306,100
a3307,100
a3308,100
a3309,100
a3310,100
a3311,100
a3312,100
a3313,100
a3314,100
a3315,100
a3316,100
a3317,100
a3318,100
a3319,100
a3320,100
a3321,100
a3322,100
a3323,100
a3324,100
a3325,100
a3326,100
a3327,100
a3328,100
a3329,100
a3330,100
a3331,100
a3332,100
a3333,100
a3334,100
a3335,100
a3336,100
a3337,100
a3338,100
a3339,100
a3340,100
a3341,100
a3342,100
a3343,100
a3344,100
a3345,100
a3346,100
a3347,100
a3348,100
a3349,100
a3350,100
a3351,100
a3352,100
a3353,100
a3354,100
a3355,100
a3356,100
a3357,100
a3358,100
a3359,100
a3360,100
a3361,100
a3362,100
a3363,100
a3364,100
a3365,100
a3366,100
a3367,100
a3368,100
a3369,100
a3370,100
a3371,100
a3372,100
a3373,100
a3374,100
a3375,100
a3376,100
a3377,100
a3378,100
a3379,100
a3380,100
a3381,100
a3382,100
a3383,100
a3384,100
a3385,100
a3386,100
a3387,100
a3388,100
a3389,100
a3390,100
a3391,100
a3392,100
a3393,100
a3394,100
a3395,100
a3396,100
a3397,100
a3398,100
a3399,100
a3400,100
a3401,100
a3402,100
a3403,100
a3404,100
a3405,100
a3406,100
a3407,100
a3408,100
a3409,100
a3410,100
a3411,100
a3412,100
a3413,100
a3414,100
a3415,100
a3416,100
a3417,100
a3418,100
a3419,100
a3420,100
a3421,100
a3422,100
a3423,100
a3424,100
a3425,100
a3426,100
a3427,100
a3428,100
a3429,100
a3430,100
a3431,100
a3432,100
a3433,100
a3434,100
a3435,100
a3436,100
a3437,100
a3438,100
a3439,100
a3440,100
a3441,100
a3442,100
a3443,100
a3444,100
a3445,100
a3446,100
a3447,100
a3448,100
a3449,100
a3450,100
a3451,100
a3452,100
a3453,100
a3454,100
a3455,100
a3456,100
a3457,100
a3458,100
a3459,100
a3460,100
a3461,100
a3462,100
a3463,100
a3464,100
a3465,100
a3466,100
a3467,100
a3468,100
a3469,100
a3470,100
a3471,100
a3472,100
a3473,100
a3474,100
a3475,100
a3476,100
a3477,100
a3478,100
a3479,100
a3480,100
a3481,100
a3482,100
a3483,100
a3484,100
a3485,100
a3486,100
a3487,100
a3488,100
a3489,100
a3490,100
a3491,100
a3492,100
a3493,100
a3494,100
a3495,100
a3496,100
a3497,100
a3498,100
a3499,100
a3500,100
a3501,100
a3502,100
a3503,100
a3504,100
a3505,100
a3506,100
a3507,100
a3508,100
a3509,100
a3510,100
a3511,100
a3512,100
a3513,100
a3514,100
a3515,100
a3516,100
a3517,100
a3518,100
a3519,100
a3520,100
a3521,100
a3522,100
a3523,100
a3524,100
a3525,100
a3526,100
a3527,100
a3528,100
a3529,100
a3530,100
a3531,100
a3532,100
a3533,100
a3534,100
a3535,100
a3536,100
a3537,100
a3538,100
a3539,100
a3540,100
a3541,100
a3542,100
a3543,100
a3544,100
a3545,100
a3546,100
a3547,100
a3548,100
a3549,100
a3550,100
a3551,100
a3552,100
a3553,100
a3554,100
a3555,100
a3556,100
a3557,100
a3558,100
a3559,100
a3560,100
a3561,100
a3562,100
a3563,100
a3564,100
a3565,100
a3566,100
a3567,100
a3568,100
a3569,100
a3570,100
a3571,100
a3572,100
a3573,100
a3574,100
a3575,100
a3576,100
a3577,100
a3578,100
a3579,100
a3580,100
a3581,100
a3582,100
a3583,100
a3584,100
a3585,100
a3586,100
a3587,100
a3588,100
a3589,100
a3590,100
a3591,100
a3592,100
a3593,100
a3594,100
a3595,100
a3596,100
a3597,100
a3598,100
a3599,100
a3600,100
a3601,100
a3602,100
a3603,100
a3604,100
a3605,100
a3606,100
a3607,100
a3608,100
a3609,100
a3610,100
a3611,100
a3612,100
a3613,100
a3614,100
a3615,100
a3616,100
a3617,100
a3618,100
a3619,100
a3620,100
a3621,100
a3622,100
a3623,100
a3624,100
a3625,100
a3626,100
a3627,100
a3628,100
a3629,100
a3630,100
a3631,100
a3632,100
a3633,100
a3634,100
a3635,100
a3636,100
a3637,100
a3638,100
a3639,100
a3640,100
a3641,100
a3642,100
a3643,100
a3644,100
a3645,100
a3646,100
a3647,100
a3648,100
a3649,100
a3650,100
a3651,100
a3652,100
a3653,100
a3654,100
a3655,100
a3656,100
a3657,100
a3658,100
a3659,100
a3660,100
a3661,100
a3662,100
a3663,100
a3664,100
a3665,100
a3666,100
a3667,100
a3668,100
a3669,100
a3670,100
a3671,100
a3672,100
a3673,100
a3674,100
a3675,100
a3676,100
a3677,100
a3678,100
a3679,100
a3680,100
a3681,100
a3682,100
a3683,100
a3684,100
a3685,100
a3686,100
a3687,100
a3688,100
a3689,100
a3690,100
a3691,100
a3692,100
a3693,100
a3694,100
a3695,100
a3696,100
a3697,100
a3698,100
a3699,100
a3700,100
a3701,100
a3702,100
a3703,100
a3704,100
a3705,100
a3706,100
a3707,100
a3708,100
a3709,100
a3710,100
a3711,100
a3712,100
a3713,100
a3714,100
a3715,100
a3716,100
a3717,100
a3718,100
a3719,100
a3720,100
a3721,100
a3722,100
a3723,100
a3724,100
a3725,100
a3726,100
a3727,100
a3728,100
a3729,100
a3730,100
a3731,100
a3732,100
a3733,100
a3734,100
a3735,100
a3736,100
a3737,100
a3738,100
a3739,100
a3740,100
a3741,100
a3742,100
a3743,100
a3744,100
a3745,100
a3746,100
a3747,100
a3748,100
a3749,100
a3750,100
a3751,100
a3752,100
a3753,100
a3754,100
a3755,100
a3756,100
a3757,100
a3758,100
a3759,100
a3760,100
a3761,100
a3762,100
a3763,100
a3764,100
a3765,100
a3766,100
a3767,100
a3768,100
a3769,100
a3770,100
a3771,100
a3772,100
a3773,100
a3774,100
a3775,100
a3776,100
a3777,100
a3778,100
a3779,100
a3780,100
a3781,100
a3782,100
a3783,100
a3784,100
a3785,100
a3786,100
a3787,100
a3788,100
a3789,100
a3790,100
a3791,100
a3792,100
a3793,100
a3794,100
a3795,100
a3796,100
a3797,100
a3798,100
a3799,100
a3800,100
a3801,100
a3802,100
a3803,100
a3804,100
a3805,100
a3806,100
a3807,100
a3808,100
a3809,100
a3810,100
a3811,100
a3812,100
a3813,100
a3814,100
a3815,100
a3816,100
a3817,100
a3818,100
a3819,100
a3820,100
a3821,100
a3822,100
a3823,100
a3824,100
a3825,100
a3826,100
a3827,100
a3828,100
a3829,100
a3830,100
a3831,100
a3832,100
a3833,100
a3834,100
a3835,100
a3836,100
a3837,100
a3838,100
a3839,100
a3840,100
a3841,100
a3842,100
a3843,100
a3844,100
a3845,100
a3846,100
a3847,100
a3848,100
a3849,100
a3850,100
a3851,100
a3852,100
a3853,100
a3854,100
a3855,100
a3856,100
a3857,100
a3858,100
a3859,100
a3860,100
a3861,100
a3862,100
a3863,100
a3864,100
a3865,100
a3866,100
a3867,100
a3868,100
a3869,100
a3870,100
a3871,100
a3872,100
a3873,100
a3874,100
a3875,100
a3876,100
a3877,100
a3878,100
a3879,100
a3880,100
a3881,100
a3882,100
a3883,100
a3884,100
a3885,100
a3886,100
a3887,100
a3888,100
a3889,100
a3890,100
a3891,100
a3892,100
a3893,100
a3894,100
a3895,100
a3896,100
a3897,100
a3898,100
a3899,100
a3900,100
a3901,100
a3902,100
a3903,100
a3904,100
a3905,100
a3906,100
a3907,100
a3908,100
a3909,100
a3910,100
a3911,100
a3912,100
a3913,100
a3914,100
a3915,100
a3916,100
a3917,100
a3918,100
a3919,100
a3920,100
a3921,100
a3922,100
a3923,100
a3924,100
a3925,100
a3926,100
a3927,100
a3928,100
a3929,100
a3930,100
a3931,100
a3932,100
a3933,100
a3934,100
a3935,100
a3936,100
a3937,100
a3938,100
a3939,100
a3940,100
a3941,100
a3942,100
a3943,100
a3944,100
a3945,100
a3946,100
a3947,100
a3948,100
a3949,100
a3950,100
a3951,100
a3952,100
a3953,100
a3954,100
a3955,100
a3956,100
a3957,100
a3958,100
a3959,100
a3960,100
a3961,100
a3962,100
a3963,100
a3964,100
a3965,100
a3966,100
a3967,100
a3968,100
a3969,100
a3970,100
a3971,100
a3972,100
a3973,100
a3974,100
a3975,100
a3976,100
a3977,100
a3978,100
a3979,100
a3980,100
a3981,100
a3982,100
a3983,100
a3984,100
a3985,100
a3986,100
a3987,100
a3988,100
a3989,100
a3990,100
a3991,100
a3992,100
a3993,100
a3994,100
a3995,100
a3996,100
a3997,100
a3998,100
a3999,100
a4000,100
a4001,100
a4002,100
a4003,100
a4004,100
a4005,100
a4006,100
a4007,100
a4008,100
a4009,100
a4010,100
a4011,100
a4012,100
a4013,100
a4014,100
a4015,100
a4016,100
a4017,100
a4018,100
a4019,100
a4020,100
a4021,100
a4022,100
a4023,100
a4024,100
a4025,100
a4026,100
a4027,100
a4028,100
a4029,100
a4030,100
a4031,100
a4032,100
a4033,100
a4034,100
a4035,100
a4036,100
a4037,100
a4038,100
a4039,100
a4040,100
a4041,100
a4042,100
a4043,100
a4044,100
a4045,100
a4046,100
a4047,100
a4048,100
a4049,100
a4050,100
a4051,100
a4052,100
a4053,100
a4054,100
a4055,100
a4056,100
a4057,100
a4058,100
a4059,100
a4060,100
a4061,100
a4062,100
a4063,100
a4064,100
a4065,100
a4066,100
a4067,100
a4068,100
a4069,100
a4070,100
a4071,100
a4072,100
a4073,100
a4074,100
a4075,100
a4076,100
a4077,100
a4078,100
a4079,100
a4080,100
a4081,100
a4082,100
a4083,100
a4084,100
a4085,100
a4086,100
a4087,100
a4088,100
a4089,100
a4090,100
a4091,100
a4092,100
a4093,100
a4094,100
a4095,100
a4096,100
a4097,100
a4098,100
a4099,100
a4100,100
a4101,100
a4102,100
a4103,100
a4104,100
a4105,100
a4106,100
a4107,100
a4108,100
a4109,100
a4110,100
a4111,100
a4112,100
a4113,100
a4114,100
a4115,100
a4116,100
a4117,100
a4118,100
a4119,100
a4120,100
a4121,100
a4122,100
a4123,100
a4124,100
a4125,100
a4126,100
a4127,100
a4128,100
a4129,100
a4130,100
a4131,100
a4132,100
a4133,100
a4134,100
a4135,100
a4136,100
a4137,100
a4138,100
a4139,100
a4140,100
a4141,100
a4142,100
a4143,100
a4144,100
a4145,100
a4146,100
a4147,100
a4148,100
a4149,100
a4150,100
a4151,100
a4152,100
a4153,100
a4154,100
a4155,100
a4156,100
a4157,100
a4158,100
a4159,100
a4160,100
a4161,100
a4162,100
a4163,100
a4164,100
a4165,100
a4166,100
a4167,100
a4168,100
a4169,100
a4170,100
a4171,100
a4172,100
a4173,100
a4174,100
a4175,100
a4176,100
a4177,100
a4178,100
a4179,100
a4180,100
a4181,100
a4182,100
a4183,100
a4184,100
a4185,100
a4186,100
a4187,100
a4188,100
a4189,100
a4190,100
a4191,100
a4192,100
a4193,100
a4194,100
a4195,100
a4196,100
a4197,100
a4198,100
a4199,100
a4200,100
a4201,100
a4202,100
a4203,100
a4204,100
a4205,100
a4206,100
a4207,100
a4208,100
a4209,100
a4210,100
a4211,100
a4212,100
a4213,100
a4214,100
a4215,100
a4216,100
a4217,100
a4218,100
a4219,100
a4220,100
a4221,100
a4222,100
a4223,100
a4224,100
a4225,100
a4226,100
a4227,100
a4228,100
a4229,100
a4230,100
a4231,100
a4232,100
a4233,100
a4234,100
a4235,100
a4236,100
a4237,100
a4238,100
a4239,100
a4240,100
a4241,100
a4242,100
a4243,100
a4244,100
a4245,100
a4246,100
a4247,100
a4248,100
a4249,100
a4250,100
a4251,100
a4252,100
a4253,100
a4254,100
a4255,100
a4256,100
a4257,100
a4258,100
a4259,100
a4260,100
a4261,100
a4262,100
a4263,100
a4264,100
a4265,100
a4266,100
a4267,100
a4268,100
a4269,100
a4270,100
a4271,100
a4272,100
a4273,100
a4274,100
a4275,100
a4276,100
a4277,100
a4278,100
a4279,100
a4280,100
a4281,100
a4282,100
a4283,100
a4284,100
a4285,100
a4286,100
a4287,100
a4288,100
a4289,100
a4290,100
a4291,100
a4292,100
a4293,100
a4294,100
a4295,100
a4296,100
a4297,100
a4298,100
a4299,100
a4300,100
a4301,100
a4302,100
a4303,100
a4304,100
a4305,100
a4306,100
a4307,100
a4308,100
a4309,100
a4310,100
a4311,100
a4312,100
a4313,100
a4314,100
a4315,100
a4316,100
a4317,100
a4318,100
a4319,100
a4320,100
a4321,100
a4322,100
a4323,100
a4324,100
a4325,100
a4326,100
a4327,100
a4328,100
a4329,100
a4330,100
a4331,100
a4332,100
a4333,100
a4334,100
a4335,100
a4336,100
a4337,100
a4338,100
a4339,100
a4340,100
a4341,100
a4342,100
a4343,100
a4344,100
a4345,100
a4346,100
a4347,100
a4348,100
a4349,100
a4350,100
a4351,100
a4352,100
a4353,100
a4354,100
a4355,100
a4356,100
a4357,100
a4358,100
a4359,100
a4360,100
a4361,100
a4362,100
a4363,100
a4364,100
a4365,100
a4366,100
a4367,100
a4368,100
a4369,100
a4370,100
a4371,100
a4372,100
a4373,100
a4374,100
a4375,100
a4376,100
a4377,100
a4378,100
a4379,100
a4380,100
a4381,100
a4382,100
a4383,100
a4384,100
a4385,100
a4386,100
a4387,100
a4388,100
a4389,100
a4390,100
a4391,100
a4392,100
a4393,100
a4394,100
a4395,100
a4396,100
a4397,100
a4398,100
a4399,100
a4400,100
a4401,100
a4402,100
a4403,100
a4404,100
a4405,100
a4406,100
a4407,100
a4408,100
a4409,100
a4410,100
a4411,100
a4412,100
a4413,100
a4414,100
a4415,100
a4416,100
a4417,100
a4418,100
a4419,100
a4420,100
a4421,100
a4422,100
a4423,100
a4424,100
a4425,100
a4426,100
a4427,100
a4428,100
a4429,100
a4430,100
a4431,100
a4432,100
a4433,100
a4434,100
a4435,100
a4436,100
a4437,100
a4438,100
a4439,100
a4440,100
a4441,100
a4442,100
a4443,100
a4444,100
a4445,100
a4446,100
a4447,100
a4448,100
a4449,100
a4450,100
a4451,100
a4452,100
a4453,100
a4454,100
a4455,100
a4456,100
a4457,100
a4458,100
a4459,100
a4460,100
a4461,100
a4462,100
a4463,100
a4464,100
a4465,100
a4466,100
a4467,100
a4468,100
a4469,100
a4470,100
a4471,100
a4472,100
a4473,100
a4474,100
a4475,100
a4476,100
a4477,100
a4478,100
a4479,100
a4480,100
a4481,100
a4482,100
a4483,100
a4484,100
a4485,100
a4486,100
a4487,100
a4488,100
a4489,100
a4490,100
a4491,100
a4492,100
a4493,100
a4494,100
a4495,100
a4496,100
a4497,100
a4498,100
a4499,100
